product_id,product_name,product_price,current_quantity,product_category_id
1,Table Cloth 54x54 White,$7.98 ,15,aaf6ae0c-653d-4f40-8761-101db3504c76
2,Beef - Tenderloin Tails,$6.59 ,20,fbca82ae-0150-4784-ad45-755759c462ae
3,Scotch - Queen Anne,$1.35 ,20,655218f5-dcc0-4de0-a3c0-ff665c320ec2
4,Basil - Fresh,$6.75 ,38,fbca82ae-0150-4784-ad45-755759c462ae
5,Wine - Sicilia Igt Nero Avola,$6.66 ,16,83f5d589-9dc4-471d-90e0-87517fe3860e
6,Vinegar - White,$8.33 ,35,5ccbaf75-13f8-4221-a391-3f4ba8835b1a
7,"Pasta - Cannelloni, Sheets, Fresh",$6.00 ,17,ba272548-b28c-45c5-be52-dfd170c5ea1d
8,"Bar Mix - Pina Colada, 355 Ml",$9.67 ,33,fbca82ae-0150-4784-ad45-755759c462ae
9,Creamers - 10%,$6.69 ,23,56ba37ed-38fe-4c3b-9d76-f9203fd5239f
10,Bread - Rosemary Focaccia,$2.29 ,18,fbca82ae-0150-4784-ad45-755759c462ae
11,"Marsala - Sperone, Fine, D.o.c.",$1.29 ,50,66613b52-c54c-4273-8d85-6c2ee28f10da
12,Sprouts - Corn,$8.40 ,25,655218f5-dcc0-4de0-a3c0-ff665c320ec2
13,Milkettes - 2%,$3.34 ,23,66613b52-c54c-4273-8d85-6c2ee28f10da
14,Oil - Olive Bertolli,$6.63 ,19,45336f15-f8c3-471c-a71f-3d54dc11c3aa
15,Salt - Seasoned,$5.06 ,21,655218f5-dcc0-4de0-a3c0-ff665c320ec2
16,Pie Pecan,$2.40 ,29,ba272548-b28c-45c5-be52-dfd170c5ea1d
17,Crab - Meat,$0.84 ,25,56ba37ed-38fe-4c3b-9d76-f9203fd5239f
18,Sauce - Hoisin,$9.03 ,34,655218f5-dcc0-4de0-a3c0-ff665c320ec2
19,Beans - Yellow,$7.49 ,20,fbca82ae-0150-4784-ad45-755759c462ae
20,Juice - Lime,$2.03 ,21,8a80c11c-c748-4cd3-a068-b05b98d7e8a5
21,Table Cloth 81x81 Colour,$6.33 ,22,aaf6ae0c-653d-4f40-8761-101db3504c76
22,Puree - Mocha,$4.12 ,48,ba272548-b28c-45c5-be52-dfd170c5ea1d
23,"Wine - White, French Cross",$0.23 ,22,83f5d589-9dc4-471d-90e0-87517fe3860e
24,Food Colouring - Red,$2.80 ,23,4b2e94a7-ad72-4e87-bac0-0dc0e50df030
25,Tea - Jasmin Green,$5.60 ,24,aaf6ae0c-653d-4f40-8761-101db3504c76
26,Ecolab Digiclean Mild Fm,$7.23 ,20,990d7ae6-bb17-422b-a681-c0e9d7c2ec00
27,"Doilies - 7, Paper",$6.03 ,25,34dd7db3-9048-4ba6-b3b9-e7e7dcbeb418
28,Squid - U 5,$6.27 ,25,655218f5-dcc0-4de0-a3c0-ff665c320ec2
29,Lemonade - Pineapple Passion,$8.39 ,20,5290b1aa-6b7f-43a9-9501-cf615fb34ae8
30,Cake - Pancake,$4.73 ,37,56ba37ed-38fe-4c3b-9d76-f9203fd5239f
31,Pork - Side Ribs,$2.68 ,26,ba272548-b28c-45c5-be52-dfd170c5ea1d
32,Gelatine Powder,$7.54 ,27,d5e339a1-62a4-4c78-b43b-5fe8f8fe3079
33,Bread - Calabrese Baguette,$0.20 ,36,fbca82ae-0150-4784-ad45-755759c462ae
34,Pasta - Cheese / Spinach Bauletti,$6.61 ,47,ba272548-b28c-45c5-be52-dfd170c5ea1d
35,Bread - Flat Bread,$9.91 ,45,fbca82ae-0150-4784-ad45-755759c462ae
36,Rabbit - Saddles,$0.35 ,28,271e6090-a67c-41ff-b21c-f5b0ed6d60f8
37,Hot Chocolate - Individual,$9.72 ,17,f2d17aba-c573-4516-9b04-04d54ec126db
38,Cheese - Ermite Bleu,$4.96 ,46,56ba37ed-38fe-4c3b-9d76-f9203fd5239f
39,Grapes - Black,$2.37 ,29,d5e339a1-62a4-4c78-b43b-5fe8f8fe3079
40,"Soup - Knorr, Classic Can. Chili",$5.19 ,27,655218f5-dcc0-4de0-a3c0-ff665c320ec2
41,"Olives - Black, Pitted",$1.13 ,30,45336f15-f8c3-471c-a71f-3d54dc11c3aa
42,Southern Comfort,$3.50 ,23,655218f5-dcc0-4de0-a3c0-ff665c320ec2
43,Slt - Individual Portions,$4.20 ,24,655218f5-dcc0-4de0-a3c0-ff665c320ec2
44,Fond - Neutral,$2.20 ,34,4b2e94a7-ad72-4e87-bac0-0dc0e50df030
45,Swiss Chard,$0.18 ,17,655218f5-dcc0-4de0-a3c0-ff665c320ec2
46,"Tuna - Canned, Flaked, Light",$9.13 ,40,aaf6ae0c-653d-4f40-8761-101db3504c76
47,Cardamon Ground,$4.04 ,31,56ba37ed-38fe-4c3b-9d76-f9203fd5239f
48,Sweet Pea Sprouts,$6.27 ,43,655218f5-dcc0-4de0-a3c0-ff665c320ec2
49,Duck - Whole,$1.57 ,32,34dd7db3-9048-4ba6-b3b9-e7e7dcbeb418
50,Wine - Black Tower Qr,$7.71 ,43,83f5d589-9dc4-471d-90e0-87517fe3860e
51,Wine - Chianti Classica Docg,$9.86 ,17,83f5d589-9dc4-471d-90e0-87517fe3860e
52,"Tart Shells - Barquettes, Savory",$9.36 ,46,aaf6ae0c-653d-4f40-8761-101db3504c76
53,Lettuce - Treviso,$4.44 ,19,5290b1aa-6b7f-43a9-9501-cf615fb34ae8
54,Pur Source,$2.71 ,38,ba272548-b28c-45c5-be52-dfd170c5ea1d
55,"Mushroom - Morels, Dry",$0.41 ,39,66613b52-c54c-4273-8d85-6c2ee28f10da
56,Canadian Emmenthal,$1.80 ,38,56ba37ed-38fe-4c3b-9d76-f9203fd5239f
57,Truffle - Peelings,$9.83 ,33,aaf6ae0c-653d-4f40-8761-101db3504c76
58,Chips Potato All Dressed - 43g,$4.59 ,34,56ba37ed-38fe-4c3b-9d76-f9203fd5239f
59,"Wine - White, Mosel Gold",$2.40 ,19,83f5d589-9dc4-471d-90e0-87517fe3860e
60,"Bread - Pullman, Sliced",$1.34 ,35,fbca82ae-0150-4784-ad45-755759c462ae
61,Cup - 4oz Translucent,$7.35 ,41,56ba37ed-38fe-4c3b-9d76-f9203fd5239f
62,Pumpkin - Seed,$7.63 ,50,ba272548-b28c-45c5-be52-dfd170c5ea1d
63,Pizza Pizza Dough,$6.81 ,36,ba272548-b28c-45c5-be52-dfd170c5ea1d
64,Skewers - Bamboo,$2.79 ,48,655218f5-dcc0-4de0-a3c0-ff665c320ec2
65,Beef - Short Loin,$8.93 ,37,fbca82ae-0150-4784-ad45-755759c462ae
66,Pork - European Side Bacon,$7.27 ,17,ba272548-b28c-45c5-be52-dfd170c5ea1d
67,Port - 74 Brights,$7.92 ,25,ba272548-b28c-45c5-be52-dfd170c5ea1d
68,Anchovy Paste - 56 G Tube,$7.76 ,33,74379e10-ee3d-484b-8faf-07453fdc1881
69,Muffin Mix - Carrot,$4.65 ,38,66613b52-c54c-4273-8d85-6c2ee28f10da
70,"Gingerale - Schweppes, 355 Ml",$0.37 ,39,d5e339a1-62a4-4c78-b43b-5fe8f8fe3079
71,Lettuce - California Mix,$2.36 ,36,5290b1aa-6b7f-43a9-9501-cf615fb34ae8
72,Carbonated Water - White Grape,$2.31 ,44,56ba37ed-38fe-4c3b-9d76-f9203fd5239f
73,Tea - Camomele,$3.99 ,36,aaf6ae0c-653d-4f40-8761-101db3504c76
74,Wiberg Super Cure,$5.91 ,40,83f5d589-9dc4-471d-90e0-87517fe3860e
75,Pasta - Ravioli,$9.30 ,41,ba272548-b28c-45c5-be52-dfd170c5ea1d
76,Bread - Onion Focaccia,$5.32 ,42,fbca82ae-0150-4784-ad45-755759c462ae
77,Horseradish - Prepared,$2.35 ,37,f2d17aba-c573-4516-9b04-04d54ec126db
78,Wine - Rhine Riesling Wolf Blass,$8.14 ,43,83f5d589-9dc4-471d-90e0-87517fe3860e
79,Langers - Ruby Red Grapfruit,$0.58 ,25,5290b1aa-6b7f-43a9-9501-cf615fb34ae8
80,Lettuce - Belgian Endive,$8.42 ,44,5290b1aa-6b7f-43a9-9501-cf615fb34ae8
81,Rice - Aborio,$7.32 ,20,271e6090-a67c-41ff-b21c-f5b0ed6d60f8
82,Foam Espresso Cup Plain White,$1.87 ,45,4b2e94a7-ad72-4e87-bac0-0dc0e50df030
83,Tamarind Paste,$2.57 ,35,aaf6ae0c-653d-4f40-8761-101db3504c76
84,Sugar - Cubes,$4.01 ,35,655218f5-dcc0-4de0-a3c0-ff665c320ec2
85,"Lamb - Leg, Boneless",$3.90 ,38,5290b1aa-6b7f-43a9-9501-cf615fb34ae8
86,Mustard - Seed,$8.74 ,48,66613b52-c54c-4273-8d85-6c2ee28f10da
87,Shiratamako - Rice Flour,$3.74 ,21,655218f5-dcc0-4de0-a3c0-ff665c320ec2
88,Foil Wrap,$8.07 ,21,4b2e94a7-ad72-4e87-bac0-0dc0e50df030
89,Barley - Pearl,$7.71 ,43,fbca82ae-0150-4784-ad45-755759c462ae
90,Rice Paper,$1.62 ,38,271e6090-a67c-41ff-b21c-f5b0ed6d60f8
91,Grenadine,$9.61 ,40,d5e339a1-62a4-4c78-b43b-5fe8f8fe3079
92,Mudslide,$1.38 ,24,66613b52-c54c-4273-8d85-6c2ee28f10da
93,Sauce - Caesar Dressing,$1.27 ,37,655218f5-dcc0-4de0-a3c0-ff665c320ec2
94,Jolt Cola - Red Eye,$8.89 ,30,8a80c11c-c748-4cd3-a068-b05b98d7e8a5
95,"Wine - Red, Mouton Cadet",$3.16 ,46,83f5d589-9dc4-471d-90e0-87517fe3860e
96,Instant Coffee,$9.78 ,39,c698e8c3-786d-41fb-ae22-1a99a871f3f8
97,"Beef - Tongue, Fresh",$7.33 ,31,fbca82ae-0150-4784-ad45-755759c462ae
98,"Noodles - Cellophane, Thin",$5.41 ,47,ebd96f1a-098b-4ef0-a174-e20340430d5f
99,Lettuce - Red Leaf,$7.67 ,40,5290b1aa-6b7f-43a9-9501-cf615fb34ae8
100,Muffin Orange Individual,$5.75 ,48,66613b52-c54c-4273-8d85-6c2ee28f10da
101,"Beans - Black Bean, Preserved",$9.01 ,49,fbca82ae-0150-4784-ad45-755759c462ae
102,Cake - Mini Potato Pancake,$8.94 ,48,56ba37ed-38fe-4c3b-9d76-f9203fd5239f
103,Tahini Paste,$1.47 ,50,aaf6ae0c-653d-4f40-8761-101db3504c76
104,Wine - Chenin Blanc K.w.v.,$4.66 ,15,83f5d589-9dc4-471d-90e0-87517fe3860e
105,Wine - Prem Select Charddonany,$1.76 ,16,83f5d589-9dc4-471d-90e0-87517fe3860e
106,Beef Striploin Aaa,$8.11 ,26,fbca82ae-0150-4784-ad45-755759c462ae
107,"Tortillas - Flour, 10",$9.95 ,40,aaf6ae0c-653d-4f40-8761-101db3504c76
108,Compound - Pear,$4.75 ,26,56ba37ed-38fe-4c3b-9d76-f9203fd5239f
109,Ice Cream - Super Sandwich,$3.26 ,28,c698e8c3-786d-41fb-ae22-1a99a871f3f8
110,Lid Tray - 12in Dome,$5.95 ,41,5290b1aa-6b7f-43a9-9501-cf615fb34ae8
111,"Asparagus - Green, Fresh",$7.82 ,35,74379e10-ee3d-484b-8faf-07453fdc1881
112,Flour - Fast / Rapid,$1.74 ,47,4b2e94a7-ad72-4e87-bac0-0dc0e50df030
113,"Sugar - Sweet N Low, Individual",$4.04 ,45,655218f5-dcc0-4de0-a3c0-ff665c320ec2
114,Chocolate - Dark Callets,$0.13 ,34,56ba37ed-38fe-4c3b-9d76-f9203fd5239f
115,Muffin Hinge 117n,$9.23 ,17,66613b52-c54c-4273-8d85-6c2ee28f10da
116,"Coffee - Beans, Whole",$3.67 ,50,56ba37ed-38fe-4c3b-9d76-f9203fd5239f
117,Hipnotiq Liquor,$6.12 ,17,f2d17aba-c573-4516-9b04-04d54ec126db
118,Beer - True North Lager,$3.87 ,18,fbca82ae-0150-4784-ad45-755759c462ae
119,Parsley - Dried,$1.39 ,19,ba272548-b28c-45c5-be52-dfd170c5ea1d
120,Tea - Honey Green Tea,$0.31 ,37,aaf6ae0c-653d-4f40-8761-101db3504c76
121,Praline Paste,$5.55 ,20,ba272548-b28c-45c5-be52-dfd170c5ea1d
122,Bread - Malt,$5.42 ,21,fbca82ae-0150-4784-ad45-755759c462ae
123,V8 - Vegetable Cocktail,$8.70 ,22,5ccbaf75-13f8-4221-a391-3f4ba8835b1a
124,Pastry - Baked Scones - Mini,$2.70 ,41,ba272548-b28c-45c5-be52-dfd170c5ea1d
125,Flour Pastry Super Fine,$1.19 ,29,4b2e94a7-ad72-4e87-bac0-0dc0e50df030
126,Squid - Breaded,$0.16 ,37,655218f5-dcc0-4de0-a3c0-ff665c320ec2
127,Sour Puss - Tangerine,$8.79 ,38,655218f5-dcc0-4de0-a3c0-ff665c320ec2
128,Extract - Raspberry,$1.04 ,23,990d7ae6-bb17-422b-a681-c0e9d7c2ec00
129,"Pork - Loin, Center Cut",$9.21 ,28,ba272548-b28c-45c5-be52-dfd170c5ea1d
130,Plums - Red,$0.12 ,30,ba272548-b28c-45c5-be52-dfd170c5ea1d
131,Cheese - Brick With Onion,$1.75 ,37,56ba37ed-38fe-4c3b-9d76-f9203fd5239f
132,Bagel - Everything,$4.65 ,24,fbca82ae-0150-4784-ad45-755759c462ae
133,Onions - Cooking,$4.84 ,32,45336f15-f8c3-471c-a71f-3d54dc11c3aa
134,Garbag Bags - Black,$9.82 ,28,d5e339a1-62a4-4c78-b43b-5fe8f8fe3079
135,Juice - Happy Planet,$0.82 ,25,8a80c11c-c748-4cd3-a068-b05b98d7e8a5
136,Wine - Winzer Krems Gruner,$8.61 ,44,83f5d589-9dc4-471d-90e0-87517fe3860e
137,Pie Box - Cello Window 2.5,$1.70 ,26,ba272548-b28c-45c5-be52-dfd170c5ea1d
138,Lid Coffeecup 12oz D9542b,$3.66 ,28,5290b1aa-6b7f-43a9-9501-cf615fb34ae8
139,Syrup - Monin - Passion Fruit,$0.58 ,23,655218f5-dcc0-4de0-a3c0-ff665c320ec2
140,Wanton Wrap,$5.10 ,27,83f5d589-9dc4-471d-90e0-87517fe3860e
141,Jolt Cola,$3.36 ,28,8a80c11c-c748-4cd3-a068-b05b98d7e8a5
142,Curry Paste - Madras,$0.44 ,29,56ba37ed-38fe-4c3b-9d76-f9203fd5239f
143,Veal Inside - Provimi,$9.59 ,19,5ccbaf75-13f8-4221-a391-3f4ba8835b1a
144,Muffin Batt - Carrot Spice,$0.77 ,18,66613b52-c54c-4273-8d85-6c2ee28f10da
145,"Soup - Campbells, Lentil",$5.58 ,47,655218f5-dcc0-4de0-a3c0-ff665c320ec2
146,"Tortillas - Flour, 8",$4.54 ,30,aaf6ae0c-653d-4f40-8761-101db3504c76
147,Daves Island Stinger,$3.40 ,32,34dd7db3-9048-4ba6-b3b9-e7e7dcbeb418
148,"Apple - Delicious, Red",$3.19 ,31,74379e10-ee3d-484b-8faf-07453fdc1881
149,Fork - Plastic,$0.96 ,21,4b2e94a7-ad72-4e87-bac0-0dc0e50df030
150,Ginger - Crystalized,$7.29 ,41,d5e339a1-62a4-4c78-b43b-5fe8f8fe3079
151,Energy Drink,$8.85 ,32,990d7ae6-bb17-422b-a681-c0e9d7c2ec00
152,Coffee Guatemala Dark,$2.72 ,33,56ba37ed-38fe-4c3b-9d76-f9203fd5239f
153,Cream - 35%,$8.59 ,38,56ba37ed-38fe-4c3b-9d76-f9203fd5239f
154,"Butter - Salted, Micro",$5.10 ,25,fbca82ae-0150-4784-ad45-755759c462ae
155,Puff Pastry - Sheets,$0.33 ,30,ba272548-b28c-45c5-be52-dfd170c5ea1d
156,"7up Diet, 355 Ml",$6.02 ,34,59a535ed-4abd-4292-9611-c930d5328296
157,Wine - Piper Heidsieck Brut,$4.85 ,35,83f5d589-9dc4-471d-90e0-87517fe3860e
158,Wine - Pinot Noir Pond Haddock,$9.63 ,40,83f5d589-9dc4-471d-90e0-87517fe3860e
159,"Seedlings - Mix, Organic",$5.93 ,25,655218f5-dcc0-4de0-a3c0-ff665c320ec2
160,Wine - Lamancha Do Crianza,$9.73 ,36,83f5d589-9dc4-471d-90e0-87517fe3860e
161,Tomatoes - Heirloom,$9.02 ,36,aaf6ae0c-653d-4f40-8761-101db3504c76
162,Beer - Molson Excel,$7.80 ,31,fbca82ae-0150-4784-ad45-755759c462ae
163,"Leeks - Baby, White",$8.33 ,37,5290b1aa-6b7f-43a9-9501-cf615fb34ae8
164,Okra,$7.87 ,44,45336f15-f8c3-471c-a71f-3d54dc11c3aa
165,Island Oasis - Lemonade,$3.21 ,38,c698e8c3-786d-41fb-ae22-1a99a871f3f8
166,Beef - Ground Lean Fresh,$6.62 ,19,fbca82ae-0150-4784-ad45-755759c462ae
167,"Roe - Lump Fish, Black",$6.19 ,46,271e6090-a67c-41ff-b21c-f5b0ed6d60f8
168,Garbage Bag - Clear,$5.38 ,40,d5e339a1-62a4-4c78-b43b-5fe8f8fe3079
169,Laundry - Bag Cloth,$0.82 ,29,5290b1aa-6b7f-43a9-9501-cf615fb34ae8
170,Bread Sour Rolls,$2.23 ,38,fbca82ae-0150-4784-ad45-755759c462ae
171,Nantuket Peach Orange,$9.37 ,39,ebd96f1a-098b-4ef0-a174-e20340430d5f
172,Mushroom Morel Fresh,$8.14 ,40,66613b52-c54c-4273-8d85-6c2ee28f10da
173,Chocolate - Compound Coating,$5.41 ,41,56ba37ed-38fe-4c3b-9d76-f9203fd5239f
174,Lemon Balm - Fresh,$5.41 ,42,5290b1aa-6b7f-43a9-9501-cf615fb34ae8
175,Soup Campbells - Italian Wedding,$3.90 ,27,655218f5-dcc0-4de0-a3c0-ff665c320ec2
176,Pork Loin Cutlets,$4.66 ,24,ba272548-b28c-45c5-be52-dfd170c5ea1d
177,Sesame Seed Black,$1.84 ,43,655218f5-dcc0-4de0-a3c0-ff665c320ec2
178,"Wine - Magnotta, Merlot Sr Vqa",$1.08 ,36,83f5d589-9dc4-471d-90e0-87517fe3860e
179,Cabbage Roll,$1.42 ,40,56ba37ed-38fe-4c3b-9d76-f9203fd5239f
180,Isomalt,$9.63 ,44,c698e8c3-786d-41fb-ae22-1a99a871f3f8
181,Muffin - Zero Transfat,$4.88 ,45,66613b52-c54c-4273-8d85-6c2ee28f10da
182,"Nestea - Ice Tea, Diet",$3.19 ,47,ebd96f1a-098b-4ef0-a174-e20340430d5f
183,Tomatoes - Grape,$1.59 ,26,aaf6ae0c-653d-4f40-8761-101db3504c76
184,"Pepper - Paprika, Hungarian",$0.43 ,43,ba272548-b28c-45c5-be52-dfd170c5ea1d
185,Jam - Apricot,$3.69 ,29,8a80c11c-c748-4cd3-a068-b05b98d7e8a5
186,Salmon - Sockeye Raw,$1.83 ,46,655218f5-dcc0-4de0-a3c0-ff665c320ec2
187,"Pepper - White, Whole",$8.53 ,22,ba272548-b28c-45c5-be52-dfd170c5ea1d
188,"Plate - Foam, Bread And Butter",$3.17 ,18,ba272548-b28c-45c5-be52-dfd170c5ea1d
189,Samosa - Veg,$7.96 ,34,655218f5-dcc0-4de0-a3c0-ff665c320ec2
190,Chinese Foods - Cantonese,$5.72 ,47,56ba37ed-38fe-4c3b-9d76-f9203fd5239f
191,Beef - Eye Of Round,$9.03 ,18,fbca82ae-0150-4784-ad45-755759c462ae
192,Soup Campbells Turkey Veg.,$3.27 ,50,655218f5-dcc0-4de0-a3c0-ff665c320ec2
193,Sponge Cake Mix - Vanilla,$9.02 ,27,655218f5-dcc0-4de0-a3c0-ff665c320ec2
194,Beets,$9.60 ,48,fbca82ae-0150-4784-ad45-755759c462ae
195,Jolt Cola - Electric Blue,$1.92 ,29,8a80c11c-c748-4cd3-a068-b05b98d7e8a5
196,Ecolab - Hobart Washarm End Cap,$0.95 ,31,990d7ae6-bb17-422b-a681-c0e9d7c2ec00
197,Bread - Pumpernickel,$3.07 ,21,fbca82ae-0150-4784-ad45-755759c462ae
198,Pork - Bacon Cooked Slcd,$3.91 ,49,ba272548-b28c-45c5-be52-dfd170c5ea1d
199,Broom - Corn,$8.12 ,50,fbca82ae-0150-4784-ad45-755759c462ae
200,"Cup - 6oz, Foam",$7.87 ,31,56ba37ed-38fe-4c3b-9d76-f9203fd5239f
201,Chocolate - Liqueur Cups With Foil,$4.41 ,24,56ba37ed-38fe-4c3b-9d76-f9203fd5239f
202,Potatoes - Idaho 100 Count,$2.90 ,15,ba272548-b28c-45c5-be52-dfd170c5ea1d
203,Tart - Butter Plain Squares,$3.98 ,16,aaf6ae0c-653d-4f40-8761-101db3504c76
204,Shortbread - Cookie Crumbs,$5.00 ,17,655218f5-dcc0-4de0-a3c0-ff665c320ec2
205,Brandy Cherry - Mcguinness,$1.59 ,16,fbca82ae-0150-4784-ad45-755759c462ae
206,Wine - Niagara Peninsula Vqa,$2.97 ,17,83f5d589-9dc4-471d-90e0-87517fe3860e
207,Bacardi Limon,$4.90 ,21,fbca82ae-0150-4784-ad45-755759c462ae
208,Grapefruit - White,$4.92 ,49,d5e339a1-62a4-4c78-b43b-5fe8f8fe3079
209,Cheese - Mascarpone,$3.25 ,24,56ba37ed-38fe-4c3b-9d76-f9203fd5239f
210,Veal - Knuckle,$7.49 ,18,5ccbaf75-13f8-4221-a391-3f4ba8835b1a
211,Sauce - Ranch Dressing,$3.71 ,22,655218f5-dcc0-4de0-a3c0-ff665c320ec2
212,Sage - Fresh,$4.97 ,19,655218f5-dcc0-4de0-a3c0-ff665c320ec2
213,Wine - Jaboulet Cotes Du Rhone,$1.76 ,40,83f5d589-9dc4-471d-90e0-87517fe3860e
214,Arrowroot,$7.85 ,50,74379e10-ee3d-484b-8faf-07453fdc1881
215,"Doilies - 8, Paper",$4.89 ,42,34dd7db3-9048-4ba6-b3b9-e7e7dcbeb418
216,Duck - Legs,$4.21 ,20,34dd7db3-9048-4ba6-b3b9-e7e7dcbeb418
217,Broom - Angled,$2.52 ,49,fbca82ae-0150-4784-ad45-755759c462ae
218,Sauce - Oyster,$1.44 ,20,655218f5-dcc0-4de0-a3c0-ff665c320ec2
219,Chick Peas - Dried,$1.19 ,18,56ba37ed-38fe-4c3b-9d76-f9203fd5239f
220,Cleaner - Lime Away,$2.87 ,46,56ba37ed-38fe-4c3b-9d76-f9203fd5239f
221,Beef - Montreal Smoked Brisket,$3.91 ,21,fbca82ae-0150-4784-ad45-755759c462ae
222,Sausage - Meat,$2.84 ,49,655218f5-dcc0-4de0-a3c0-ff665c320ec2
223,Bread - White Epi Baguette,$5.25 ,22,fbca82ae-0150-4784-ad45-755759c462ae
224,Container - Hngd Cll Blk 7x7x3,$2.18 ,43,56ba37ed-38fe-4c3b-9d76-f9203fd5239f
225,"Coke - Classic, 355 Ml",$9.83 ,42,56ba37ed-38fe-4c3b-9d76-f9203fd5239f
226,Wine - Blue Nun Qualitatswein,$0.36 ,23,83f5d589-9dc4-471d-90e0-87517fe3860e
227,Spinach - Spinach Leaf,$7.82 ,31,655218f5-dcc0-4de0-a3c0-ff665c320ec2
228,Trueblue - Blueberry Cranberry,$6.25 ,24,aaf6ae0c-653d-4f40-8761-101db3504c76
229,Buffalo - Tenderloin,$0.49 ,25,fbca82ae-0150-4784-ad45-755759c462ae
230,Cauliflower,$2.20 ,26,56ba37ed-38fe-4c3b-9d76-f9203fd5239f
231,Asparagus - Frozen,$0.74 ,34,74379e10-ee3d-484b-8faf-07453fdc1881
232,Carbonated Water - Blackcherry,$3.09 ,27,56ba37ed-38fe-4c3b-9d76-f9203fd5239f
233,Tea - Black Currant,$7.50 ,49,aaf6ae0c-653d-4f40-8761-101db3504c76
234,Vector Energy Bar,$0.45 ,28,5ccbaf75-13f8-4221-a391-3f4ba8835b1a
235,Spice - Paprika,$2.12 ,34,655218f5-dcc0-4de0-a3c0-ff665c320ec2
236,Sauce - Alfredo,$3.00 ,34,655218f5-dcc0-4de0-a3c0-ff665c320ec2
237,"Stock - Chicken, White",$8.09 ,29,655218f5-dcc0-4de0-a3c0-ff665c320ec2
238,Bagel - Whole White Sesame,$4.37 ,44,fbca82ae-0150-4784-ad45-755759c462ae
239,Bar Mix - Lime,$5.60 ,18,fbca82ae-0150-4784-ad45-755759c462ae
240,Cheese - Colby,$4.64 ,49,56ba37ed-38fe-4c3b-9d76-f9203fd5239f
241,Wine - Guy Sage Touraine,$9.05 ,30,83f5d589-9dc4-471d-90e0-87517fe3860e
242,"Club Soda - Schweppes, 355 Ml",$9.02 ,37,56ba37ed-38fe-4c3b-9d76-f9203fd5239f
243,Arizona - Green Tea,$5.70 ,41,74379e10-ee3d-484b-8faf-07453fdc1881
244,"Lemonade - Strawberry, 591 Ml",$0.52 ,16,5290b1aa-6b7f-43a9-9501-cf615fb34ae8
245,Cake - Cheese Cake 9 Inch,$8.68 ,32,56ba37ed-38fe-4c3b-9d76-f9203fd5239f
246,Pails With Lids,$1.91 ,31,ba272548-b28c-45c5-be52-dfd170c5ea1d
247,Bouillion - Fish,$6.05 ,24,fbca82ae-0150-4784-ad45-755759c462ae
248,Venison - Liver,$7.00 ,32,5ccbaf75-13f8-4221-a391-3f4ba8835b1a
249,"Lamb - Loin, Trimmed, Boneless",$4.33 ,20,5290b1aa-6b7f-43a9-9501-cf615fb34ae8
250,Chicken - Wieners,$7.32 ,33,56ba37ed-38fe-4c3b-9d76-f9203fd5239f
251,Chicken - White Meat With Tender,$5.74 ,23,56ba37ed-38fe-4c3b-9d76-f9203fd5239f
252,Nantucket Cranberry Juice,$8.52 ,50,ebd96f1a-098b-4ef0-a174-e20340430d5f
253,Rice - Brown,$3.63 ,21,271e6090-a67c-41ff-b21c-f5b0ed6d60f8
254,Dc Hikiage Hira Huba,$1.26 ,34,34dd7db3-9048-4ba6-b3b9-e7e7dcbeb418
255,Beer - Blue Light,$9.86 ,22,fbca82ae-0150-4784-ad45-755759c462ae
256,Wine - Delicato Merlot,$6.90 ,35,83f5d589-9dc4-471d-90e0-87517fe3860e
257,Apple - Northern Spy,$3.70 ,36,74379e10-ee3d-484b-8faf-07453fdc1881
258,Sauce - Sesame Thai Dressing,$0.50 ,31,655218f5-dcc0-4de0-a3c0-ff665c320ec2
259,Chicken - Whole Fryers,$0.81 ,37,56ba37ed-38fe-4c3b-9d76-f9203fd5239f
260,"Soup - Knorr, Veg / Beef",$2.83 ,38,655218f5-dcc0-4de0-a3c0-ff665c320ec2
261,Kellogs Raisan Bran Bars,$1.81 ,39,9bee96a8-9e46-4a0d-998b-211c94ceca70
262,Beef - Texas Style Burger,$8.98 ,40,fbca82ae-0150-4784-ad45-755759c462ae
263,Wine - German Riesling,$0.88 ,37,83f5d589-9dc4-471d-90e0-87517fe3860e
264,"Juice - Orange, 341 Ml",$7.60 ,41,8a80c11c-c748-4cd3-a068-b05b98d7e8a5
265,"Wine - Red, Mosaic Zweigelt",$1.98 ,42,83f5d589-9dc4-471d-90e0-87517fe3860e
266,Pepper Squash,$7.63 ,47,ba272548-b28c-45c5-be52-dfd170c5ea1d
267,Cape Capensis - Fillet,$0.43 ,43,56ba37ed-38fe-4c3b-9d76-f9203fd5239f
268,Container - Clear 16 Oz,$2.57 ,17,56ba37ed-38fe-4c3b-9d76-f9203fd5239f
269,Foie Gras,$4.00 ,38,4b2e94a7-ad72-4e87-bac0-0dc0e50df030
270,"Wine - Harrow Estates, Vidal",$9.89 ,44,83f5d589-9dc4-471d-90e0-87517fe3860e
271,Lettuce - Spring Mix,$7.59 ,37,5290b1aa-6b7f-43a9-9501-cf615fb34ae8
272,"Juice - Apple, 341 Ml",$7.52 ,43,8a80c11c-c748-4cd3-a068-b05b98d7e8a5
273,Sesame Seed,$9.10 ,18,655218f5-dcc0-4de0-a3c0-ff665c320ec2
274,Tuna - Yellowfin,$1.09 ,34,aaf6ae0c-653d-4f40-8761-101db3504c76
275,"Jam - Strawberry, 20 Ml Jar",$1.48 ,45,8a80c11c-c748-4cd3-a068-b05b98d7e8a5
276,Cotton Wet Mop 16 Oz,$8.75 ,23,56ba37ed-38fe-4c3b-9d76-f9203fd5239f
277,Pork - Caul Fat,$2.00 ,46,ba272548-b28c-45c5-be52-dfd170c5ea1d
278,Ginger - Fresh,$7.41 ,47,d5e339a1-62a4-4c78-b43b-5fe8f8fe3079
279,Wine - Beringer Founders Estate,$5.39 ,48,83f5d589-9dc4-471d-90e0-87517fe3860e
280,Soap - Pine Sol Floor Cleaner,$8.22 ,28,655218f5-dcc0-4de0-a3c0-ff665c320ec2
281,Cake - Night And Day Choclate,$2.38 ,45,56ba37ed-38fe-4c3b-9d76-f9203fd5239f
282,Aspic - Light,$0.69 ,50,74379e10-ee3d-484b-8faf-07453fdc1881
283,"Napkin - Cocktail,beige 2 - Ply",$5.06 ,49,ebd96f1a-098b-4ef0-a174-e20340430d5f
284,"Mushroom - Shitake, Dry",$9.87 ,50,66613b52-c54c-4273-8d85-6c2ee28f10da
285,Glaze - Clear,$9.58 ,27,d5e339a1-62a4-4c78-b43b-5fe8f8fe3079
286,Juice - Propel Sport,$2.45 ,15,8a80c11c-c748-4cd3-a068-b05b98d7e8a5
287,"Lemonade - Island Tea, 591 Ml",$1.31 ,19,5290b1aa-6b7f-43a9-9501-cf615fb34ae8
288,Bar Mix - Lemon,$0.20 ,16,fbca82ae-0150-4784-ad45-755759c462ae
289,Huck White Towels,$0.58 ,33,f2d17aba-c573-4516-9b04-04d54ec126db
290,"Soup - Knorr, Ministrone",$0.09 ,37,655218f5-dcc0-4de0-a3c0-ff665c320ec2
291,Sugar - Monocystal / Rock,$9.90 ,35,655218f5-dcc0-4de0-a3c0-ff665c320ec2
292,Eel - Smoked,$3.93 ,24,990d7ae6-bb17-422b-a681-c0e9d7c2ec00
293,Wine - Prosecco Valdobiaddene,$0.60 ,43,83f5d589-9dc4-471d-90e0-87517fe3860e
294,"Chocolate - Milk, Callets",$6.41 ,32,56ba37ed-38fe-4c3b-9d76-f9203fd5239f
295,"Pasta - Rotini, Dry",$4.82 ,29,ba272548-b28c-45c5-be52-dfd170c5ea1d
296,Pectin,$7.30 ,17,ba272548-b28c-45c5-be52-dfd170c5ea1d
297,Tomatoes - Hot House,$6.58 ,18,aaf6ae0c-653d-4f40-8761-101db3504c76
298,Cocoa Powder - Natural,$4.08 ,33,56ba37ed-38fe-4c3b-9d76-f9203fd5239f
299,Pastry - Key Limepoppy Seed Tea,$7.37 ,31,ba272548-b28c-45c5-be52-dfd170c5ea1d
300,"Tray - Foam, Square 4 - S",$6.41 ,50,aaf6ae0c-653d-4f40-8761-101db3504c76
301,Devonshire Cream,$5.25 ,28,34dd7db3-9048-4ba6-b3b9-e7e7dcbeb418
302,Green Scrubbie Pad H.duty,$5.37 ,50,d5e339a1-62a4-4c78-b43b-5fe8f8fe3079
303,Soup - Verve - Chipotle Chicken,$3.54 ,19,655218f5-dcc0-4de0-a3c0-ff665c320ec2
304,Bread - Multigrain,$3.76 ,20,fbca82ae-0150-4784-ad45-755759c462ae
305,"Fish - Halibut, Cold Smoked",$0.26 ,25,4b2e94a7-ad72-4e87-bac0-0dc0e50df030
306,Lettuce - Boston Bib,$5.83 ,46,5290b1aa-6b7f-43a9-9501-cf615fb34ae8
307,Veal - Ground,$7.39 ,21,5ccbaf75-13f8-4221-a391-3f4ba8835b1a
308,Arctic Char - Fillets,$6.56 ,46,74379e10-ee3d-484b-8faf-07453fdc1881
309,Corn Kernels - Frozen,$2.23 ,39,56ba37ed-38fe-4c3b-9d76-f9203fd5239f
310,"Flour - Corn, Fine",$0.26 ,22,4b2e94a7-ad72-4e87-bac0-0dc0e50df030
311,Fondant - Icing,$8.13 ,23,4b2e94a7-ad72-4e87-bac0-0dc0e50df030
312,Wine - Zinfandel Rosenblum,$4.39 ,33,83f5d589-9dc4-471d-90e0-87517fe3860e
313,"Liners - Banana, Paper",$1.74 ,24,5290b1aa-6b7f-43a9-9501-cf615fb34ae8
314,Compound - Raspberry,$2.51 ,33,56ba37ed-38fe-4c3b-9d76-f9203fd5239f
315,Rice - 7 Grain Blend,$6.85 ,37,271e6090-a67c-41ff-b21c-f5b0ed6d60f8
316,Rambutan,$1.09 ,31,271e6090-a67c-41ff-b21c-f5b0ed6d60f8
317,Spice - Pepper Portions,$4.31 ,25,655218f5-dcc0-4de0-a3c0-ff665c320ec2
318,Beer - Original Organic Lager,$7.42 ,17,fbca82ae-0150-4784-ad45-755759c462ae
319,Table Cloth 90x90 White,$4.10 ,34,aaf6ae0c-653d-4f40-8761-101db3504c76
320,"Fish - Artic Char, Cold Smoked",$8.58 ,26,4b2e94a7-ad72-4e87-bac0-0dc0e50df030
321,"Crush - Grape, 355 Ml",$4.53 ,39,56ba37ed-38fe-4c3b-9d76-f9203fd5239f
322,"Bread - Roll, Canadian Dinner",$2.74 ,17,fbca82ae-0150-4784-ad45-755759c462ae
323,"Water, Tap",$4.24 ,33,83f5d589-9dc4-471d-90e0-87517fe3860e
324,Wild Boar - Tenderloin,$8.72 ,27,83f5d589-9dc4-471d-90e0-87517fe3860e
325,Tomatoes Tear Drop,$0.08 ,40,aaf6ae0c-653d-4f40-8761-101db3504c76
326,"Turkey - Breast, Double",$8.79 ,48,aaf6ae0c-653d-4f40-8761-101db3504c76
327,"Syrup - Monin, Swiss Choclate",$0.67 ,28,655218f5-dcc0-4de0-a3c0-ff665c320ec2
328,Chutney Sauce,$3.10 ,39,56ba37ed-38fe-4c3b-9d76-f9203fd5239f
329,"Wine - Bourgogne 2002, La",$9.20 ,46,83f5d589-9dc4-471d-90e0-87517fe3860e
330,Yogurt - French Vanilla,$1.42 ,29,c2bd8abf-5f44-457f-b315-54b9d952f691
331,"Pork - Back, Long Cut, Boneless",$1.59 ,30,ba272548-b28c-45c5-be52-dfd170c5ea1d
332,Mountain Dew,$6.44 ,24,66613b52-c54c-4273-8d85-6c2ee28f10da
333,"Syrup - Monin, Amaretta",$5.02 ,39,655218f5-dcc0-4de0-a3c0-ff665c320ec2
334,Onions - Pearl,$6.49 ,31,45336f15-f8c3-471c-a71f-3d54dc11c3aa
335,Sprouts - Baby Pea Tendrils,$0.69 ,25,655218f5-dcc0-4de0-a3c0-ff665c320ec2
336,Wine - Semi Dry Riesling Vineland,$1.59 ,23,83f5d589-9dc4-471d-90e0-87517fe3860e
337,Mushrooms - Honey,$9.64 ,20,66613b52-c54c-4273-8d85-6c2ee28f10da
338,"Lemonade - Natural, 591 Ml",$5.90 ,42,5290b1aa-6b7f-43a9-9501-cf615fb34ae8
339,Wine La Vielle Ferme Cote Du,$5.52 ,36,83f5d589-9dc4-471d-90e0-87517fe3860e
340,Scallops - 10/20,$5.52 ,32,655218f5-dcc0-4de0-a3c0-ff665c320ec2
341,The Pop Shoppe - Black Cherry,$0.01 ,42,aaf6ae0c-653d-4f40-8761-101db3504c76
342,Beer - Rickards Red,$8.53 ,25,fbca82ae-0150-4784-ad45-755759c462ae
343,"Veal - Brisket, Provimi, Bone - In",$7.28 ,29,5ccbaf75-13f8-4221-a391-3f4ba8835b1a
344,Nougat - Paste / Cream,$8.72 ,40,ebd96f1a-098b-4ef0-a174-e20340430d5f
345,Pastry - Baked Cinnamon Stick,$3.58 ,18,ba272548-b28c-45c5-be52-dfd170c5ea1d
346,True - Vue Containers,$5.34 ,33,aaf6ae0c-653d-4f40-8761-101db3504c76
347,Quail - Jumbo,$6.47 ,44,faa317e8-2a61-4af4-9d98-292bf06ccf16
348,"Pasta - Canelloni, Single Serve",$6.43 ,26,ba272548-b28c-45c5-be52-dfd170c5ea1d
349,"Flour - Buckwheat, Dark",$8.30 ,34,4b2e94a7-ad72-4e87-bac0-0dc0e50df030
350,Mustard - Dijon,$4.99 ,26,66613b52-c54c-4273-8d85-6c2ee28f10da
351,Alize Red Passion,$6.28 ,47,74379e10-ee3d-484b-8faf-07453fdc1881
352,"Yogurt - Peach, 175 Gr",$2.68 ,35,c2bd8abf-5f44-457f-b315-54b9d952f691
353,Bagelers,$9.40 ,19,fbca82ae-0150-4784-ad45-755759c462ae
354,Bandage - Fexible 1x3,$3.69 ,27,fbca82ae-0150-4784-ad45-755759c462ae
355,Coffee Cup 8oz 5338cd,$2.21 ,45,56ba37ed-38fe-4c3b-9d76-f9203fd5239f
356,"Veal - Round, Eye Of",$3.66 ,39,5ccbaf75-13f8-4221-a391-3f4ba8835b1a
357,"Cheese - Cheddar, Old White",$7.30 ,47,56ba37ed-38fe-4c3b-9d76-f9203fd5239f
358,Skirt - 29 Foot,$8.67 ,36,655218f5-dcc0-4de0-a3c0-ff665c320ec2
359,Mushroom - Morel Frozen,$8.77 ,37,66613b52-c54c-4273-8d85-6c2ee28f10da
360,Wasabi Paste,$4.29 ,47,83f5d589-9dc4-471d-90e0-87517fe3860e
361,Glycerine,$2.56 ,32,d5e339a1-62a4-4c78-b43b-5fe8f8fe3079
362,Dill Weed - Dry,$6.94 ,27,34dd7db3-9048-4ba6-b3b9-e7e7dcbeb418
363,"Vodka - Lemon, Absolut",$2.02 ,38,5ccbaf75-13f8-4221-a391-3f4ba8835b1a
364,Beer - Maudite,$2.07 ,39,fbca82ae-0150-4784-ad45-755759c462ae
365,"Soup - Campbells, Spinach Crm",$6.93 ,16,655218f5-dcc0-4de0-a3c0-ff665c320ec2
366,Mushroom - Porcini Frozen,$0.03 ,42,66613b52-c54c-4273-8d85-6c2ee28f10da
367,Snapple Lemon Tea,$1.46 ,31,655218f5-dcc0-4de0-a3c0-ff665c320ec2
368,Beef - Ground Medium,$7.42 ,40,fbca82ae-0150-4784-ad45-755759c462ae
369,Wine - Charddonnay Errazuriz,$7.47 ,33,83f5d589-9dc4-471d-90e0-87517fe3860e
370,Zucchini - Green,$7.02 ,41,7c3996d4-77b4-41ec-b17d-8138f6da26fa
371,The Pop Shoppe - Grape,$2.17 ,44,aaf6ae0c-653d-4f40-8761-101db3504c76
372,Pasta - Orecchiette,$0.24 ,20,ba272548-b28c-45c5-be52-dfd170c5ea1d
373,Swiss Chard - Red,$3.39 ,42,655218f5-dcc0-4de0-a3c0-ff665c320ec2
374,Crackers - Water,$4.54 ,43,56ba37ed-38fe-4c3b-9d76-f9203fd5239f
375,"Mushroom - Porcini, Dry",$6.43 ,44,66613b52-c54c-4273-8d85-6c2ee28f10da
376,Wine - Montecillo Rioja Crianza,$8.70 ,45,83f5d589-9dc4-471d-90e0-87517fe3860e
377,Kippers - Smoked,$1.54 ,26,9bee96a8-9e46-4a0d-998b-211c94ceca70
378,Cake - Lemon Chiffon,$1.47 ,31,56ba37ed-38fe-4c3b-9d76-f9203fd5239f
379,Star Fruit,$3.17 ,23,655218f5-dcc0-4de0-a3c0-ff665c320ec2
380,Cookies Oatmeal Raisin,$4.75 ,34,56ba37ed-38fe-4c3b-9d76-f9203fd5239f
381,"Ecolab - Orange Frc, Cleaner",$5.39 ,30,990d7ae6-bb17-422b-a681-c0e9d7c2ec00
382,"Shrimp - 16/20, Iqf, Shell On",$0.53 ,50,655218f5-dcc0-4de0-a3c0-ff665c320ec2
383,Eggroll,$3.32 ,21,990d7ae6-bb17-422b-a681-c0e9d7c2ec00
384,Muffin Batt - Ban Dream Zero,$3.88 ,46,66613b52-c54c-4273-8d85-6c2ee28f10da
385,Cookie Dough - Oatmeal Rasin,$0.30 ,36,56ba37ed-38fe-4c3b-9d76-f9203fd5239f
386,Chicken - Leg / Back Attach,$5.87 ,20,56ba37ed-38fe-4c3b-9d76-f9203fd5239f
387,Cheese - Parmesan Grated,$2.11 ,36,56ba37ed-38fe-4c3b-9d76-f9203fd5239f
388,Muffin Carrot - Individual,$1.37 ,47,66613b52-c54c-4273-8d85-6c2ee28f10da
389,Sardines,$9.53 ,37,655218f5-dcc0-4de0-a3c0-ff665c320ec2
390,Wine - Sauvignon Blanc,$1.46 ,25,83f5d589-9dc4-471d-90e0-87517fe3860e
391,Miso - Soy Bean Paste,$1.93 ,48,66613b52-c54c-4273-8d85-6c2ee28f10da
392,"Turkey - Breast, Bone - In",$7.03 ,50,aaf6ae0c-653d-4f40-8761-101db3504c76
393,Table Cloth 53x53 White,$9.82 ,29,aaf6ae0c-653d-4f40-8761-101db3504c76
394,Cheese - Mozzarella,$9.62 ,42,56ba37ed-38fe-4c3b-9d76-f9203fd5239f
395,Mousse - Mango,$5.01 ,49,66613b52-c54c-4273-8d85-6c2ee28f10da
396,Coconut Milk - Unsweetened,$3.58 ,23,56ba37ed-38fe-4c3b-9d76-f9203fd5239f
397,"Pepper - Chillies, Crushed",$5.20 ,39,ba272548-b28c-45c5-be52-dfd170c5ea1d
398,Water - Aquafina Vitamin,$5.61 ,50,83f5d589-9dc4-471d-90e0-87517fe3860e
399,Table Cloth 120 Round White,$8.83 ,18,aaf6ae0c-653d-4f40-8761-101db3504c76
400,Coffee Cup 16oz Foam,$8.55 ,37,56ba37ed-38fe-4c3b-9d76-f9203fd5239f
401,Foil - Round Foil,$2.95 ,19,4b2e94a7-ad72-4e87-bac0-0dc0e50df030
402,Syrup - Monin - Blue Curacao,$3.88 ,15,655218f5-dcc0-4de0-a3c0-ff665c320ec2
403,Kiwi,$4.06 ,19,9bee96a8-9e46-4a0d-998b-211c94ceca70
404,Amaretto,$9.15 ,34,74379e10-ee3d-484b-8faf-07453fdc1881
405,Sage Derby,$0.39 ,27,655218f5-dcc0-4de0-a3c0-ff665c320ec2
406,Wine - Ej Gallo Sonoma,$5.47 ,26,83f5d589-9dc4-471d-90e0-87517fe3860e
407,Blueberries,$5.64 ,16,fbca82ae-0150-4784-ad45-755759c462ae
408,"Peas - Pigeon, Dry",$9.73 ,28,ba272548-b28c-45c5-be52-dfd170c5ea1d
409,Muffin Hinge Container 6,$5.88 ,28,66613b52-c54c-4273-8d85-6c2ee28f10da
410,Beef - Rib Eye Aaa,$5.65 ,43,fbca82ae-0150-4784-ad45-755759c462ae
411,"Pasta - Elbows, Macaroni, Dry",$1.77 ,23,ba272548-b28c-45c5-be52-dfd170c5ea1d
412,Tea - Apple Green Tea,$8.46 ,17,aaf6ae0c-653d-4f40-8761-101db3504c76
413,Squid Ink,$8.65 ,18,655218f5-dcc0-4de0-a3c0-ff665c320ec2
414,Paper Towel Touchless,$6.12 ,43,ba272548-b28c-45c5-be52-dfd170c5ea1d
415,Appetiser - Bought,$1.06 ,19,74379e10-ee3d-484b-8faf-07453fdc1881
416,"Juice - Tomato, 10 Oz",$7.80 ,48,8a80c11c-c748-4cd3-a068-b05b98d7e8a5
417,Beans - Fine,$5.44 ,41,fbca82ae-0150-4784-ad45-755759c462ae
418,"Tabasco Sauce, 2 Oz",$8.87 ,20,aaf6ae0c-653d-4f40-8761-101db3504c76
419,"Oil - Truffle, White",$7.14 ,42,45336f15-f8c3-471c-a71f-3d54dc11c3aa
420,Stock - Fish,$8.79 ,21,655218f5-dcc0-4de0-a3c0-ff665c320ec2
421,"Chicken - Leg, Fresh",$6.80 ,28,56ba37ed-38fe-4c3b-9d76-f9203fd5239f
422,Liners - Baking Cups,$3.69 ,22,5290b1aa-6b7f-43a9-9501-cf615fb34ae8
423,Beer - Pilsner Urquell,$0.01 ,23,fbca82ae-0150-4784-ad45-755759c462ae
424,Bread - Petit Baguette,$2.77 ,24,fbca82ae-0150-4784-ad45-755759c462ae
425,Veal - Leg,$1.70 ,26,5ccbaf75-13f8-4221-a391-3f4ba8835b1a
426,"Beans - Fava, Canned",$8.11 ,29,fbca82ae-0150-4784-ad45-755759c462ae
427,Fib N9 - Prague Powder,$4.02 ,24,4b2e94a7-ad72-4e87-bac0-0dc0e50df030
428,Cookie Dough - Double,$6.62 ,23,56ba37ed-38fe-4c3b-9d76-f9203fd5239f
429,Beef - Ox Tongue,$0.12 ,27,fbca82ae-0150-4784-ad45-755759c462ae
430,"Bread - Crumbs, Bulk",$6.99 ,18,fbca82ae-0150-4784-ad45-755759c462ae
431,Vaccum Bag 10x13,$3.04 ,41,5ccbaf75-13f8-4221-a391-3f4ba8835b1a
432,Noodles - Steamed Chow Mein,$5.71 ,25,ebd96f1a-098b-4ef0-a174-e20340430d5f
433,Teriyaki Sauce,$3.91 ,24,aaf6ae0c-653d-4f40-8761-101db3504c76
434,Flour - Pastry,$5.92 ,28,4b2e94a7-ad72-4e87-bac0-0dc0e50df030
435,Flounder - Fresh,$5.81 ,18,4b2e94a7-ad72-4e87-bac0-0dc0e50df030
436,Evaporated Milk - Skim,$6.59 ,26,990d7ae6-bb17-422b-a681-c0e9d7c2ec00
437,Sugar - Icing,$5.54 ,17,655218f5-dcc0-4de0-a3c0-ff665c320ec2
438,Clementine,$2.92 ,27,56ba37ed-38fe-4c3b-9d76-f9203fd5239f
439,Pepper - Red Thai,$5.01 ,35,ba272548-b28c-45c5-be52-dfd170c5ea1d
440,Cheese - Swiss,$8.77 ,29,56ba37ed-38fe-4c3b-9d76-f9203fd5239f
441,Calypso - Black Cherry Lemonade,$2.47 ,28,56ba37ed-38fe-4c3b-9d76-f9203fd5239f
442,Tomatoes - Cherry,$2.62 ,46,aaf6ae0c-653d-4f40-8761-101db3504c76
443,Nantucket - 518ml,$2.76 ,47,ebd96f1a-098b-4ef0-a174-e20340430d5f
444,Onions - Spanish,$6.21 ,43,45336f15-f8c3-471c-a71f-3d54dc11c3aa
445,Chicken - Base,$3.60 ,29,56ba37ed-38fe-4c3b-9d76-f9203fd5239f
446,"Potatoes - Purple, Organic",$7.14 ,30,ba272548-b28c-45c5-be52-dfd170c5ea1d
447,Langers - Cranberry Cocktail,$4.81 ,16,5290b1aa-6b7f-43a9-9501-cf615fb34ae8
448,"Wine - Red, Gallo, Merlot",$0.76 ,31,83f5d589-9dc4-471d-90e0-87517fe3860e
449,Mcguinness - Blue Curacao,$8.19 ,27,66613b52-c54c-4273-8d85-6c2ee28f10da
450,"Crab - Back Fin Meat, Canned",$7.08 ,32,56ba37ed-38fe-4c3b-9d76-f9203fd5239f
451,Momiji Oroshi Chili Sauce,$6.75 ,30,66613b52-c54c-4273-8d85-6c2ee28f10da
452,Wine - Shiraz Wolf Blass Premium,$6.39 ,25,83f5d589-9dc4-471d-90e0-87517fe3860e
453,Apple - Granny Smith,$7.70 ,20,74379e10-ee3d-484b-8faf-07453fdc1881
454,Ham - Virginia,$3.15 ,46,f2d17aba-c573-4516-9b04-04d54ec126db
455,Pastry - Mini French Pastries,$9.95 ,33,ba272548-b28c-45c5-be52-dfd170c5ea1d
456,Gelatine Leaves - Envelopes,$6.92 ,23,d5e339a1-62a4-4c78-b43b-5fe8f8fe3079
457,"Beef - Chuck, Boneless",$7.17 ,37,fbca82ae-0150-4784-ad45-755759c462ae
458,Cookies - Fortune,$0.48 ,31,56ba37ed-38fe-4c3b-9d76-f9203fd5239f
459,Lamb - Shanks,$6.96 ,34,5290b1aa-6b7f-43a9-9501-cf615fb34ae8
460,Bread Cranberry Foccacia,$8.59 ,35,fbca82ae-0150-4784-ad45-755759c462ae
461,"Vermacelli - Sprinkles, Assorted",$9.91 ,29,5ccbaf75-13f8-4221-a391-3f4ba8835b1a
462,"Pepper - Black, Ground",$1.16 ,25,ba272548-b28c-45c5-be52-dfd170c5ea1d
463,Crackers - Trio,$5.98 ,36,56ba37ed-38fe-4c3b-9d76-f9203fd5239f
464,Campari,$3.24 ,37,56ba37ed-38fe-4c3b-9d76-f9203fd5239f
465,Extract Vanilla Pure,$4.93 ,38,990d7ae6-bb17-422b-a681-c0e9d7c2ec00
466,Beer - Mcauslan Apricot,$4.94 ,39,fbca82ae-0150-4784-ad45-755759c462ae
467,Onion - Dried,$4.51 ,37,45336f15-f8c3-471c-a71f-3d54dc11c3aa
468,Lotus Leaves,$6.77 ,17,5290b1aa-6b7f-43a9-9501-cf615fb34ae8
469,Squid U5 - Thailand,$3.01 ,25,655218f5-dcc0-4de0-a3c0-ff665c320ec2
470,Flower - Commercial Bronze,$4.71 ,40,4b2e94a7-ad72-4e87-bac0-0dc0e50df030
471,Soup - Boston Clam Chowder,$7.57 ,41,655218f5-dcc0-4de0-a3c0-ff665c320ec2
472,Bread - Bistro Sour,$5.05 ,42,fbca82ae-0150-4784-ad45-755759c462ae
473,Bread - Corn Muffaletta,$6.45 ,16,fbca82ae-0150-4784-ad45-755759c462ae
474,Wine - Fume Blanc Fetzer,$7.53 ,47,83f5d589-9dc4-471d-90e0-87517fe3860e
475,Pea - Snow,$3.09 ,27,ba272548-b28c-45c5-be52-dfd170c5ea1d
476,Pork - Shoulder,$8.19 ,23,ba272548-b28c-45c5-be52-dfd170c5ea1d
477,Wine - Toasted Head,$3.54 ,50,83f5d589-9dc4-471d-90e0-87517fe3860e
478,Emulsifier,$0.87 ,36,990d7ae6-bb17-422b-a681-c0e9d7c2ec00
479,Tea - Vanilla Chai,$8.81 ,43,aaf6ae0c-653d-4f40-8761-101db3504c76
480,Veal - Provimi Inside,$9.35 ,44,5ccbaf75-13f8-4221-a391-3f4ba8835b1a
481,Lamb - Loin Chops,$7.40 ,32,5290b1aa-6b7f-43a9-9501-cf615fb34ae8
482,Bread - Assorted Rolls,$9.92 ,27,fbca82ae-0150-4784-ad45-755759c462ae
483,Silicone Paper 16.5x24,$9.15 ,45,655218f5-dcc0-4de0-a3c0-ff665c320ec2
484,Appetizer - Tarragon Chicken,$5.71 ,19,74379e10-ee3d-484b-8faf-07453fdc1881
485,"Lamb - Whole, Fresh",$4.80 ,46,5290b1aa-6b7f-43a9-9501-cf615fb34ae8
486,Dried Figs,$9.27 ,24,34dd7db3-9048-4ba6-b3b9-e7e7dcbeb418
487,Longos - Assorted Sandwich,$3.88 ,26,5290b1aa-6b7f-43a9-9501-cf615fb34ae8
488,Soup - Cream Of Potato / Leek,$2.02 ,47,655218f5-dcc0-4de0-a3c0-ff665c320ec2
489,Aspic - Amber,$5.98 ,44,74379e10-ee3d-484b-8faf-07453fdc1881
490,Capicola - Hot,$4.96 ,48,56ba37ed-38fe-4c3b-9d76-f9203fd5239f
491,"Cherries - Maraschino,jar",$3.02 ,49,56ba37ed-38fe-4c3b-9d76-f9203fd5239f
492,Cassis,$1.47 ,36,56ba37ed-38fe-4c3b-9d76-f9203fd5239f
493,Napkin White,$1.94 ,39,ebd96f1a-098b-4ef0-a174-e20340430d5f
494,"Cookies - Oreo, 4 Pack",$8.38 ,32,56ba37ed-38fe-4c3b-9d76-f9203fd5239f
495,Pork - Belly Fresh,$9.34 ,50,ba272548-b28c-45c5-be52-dfd170c5ea1d
496,Waffle Stix,$7.23 ,15,83f5d589-9dc4-471d-90e0-87517fe3860e
497,Tray - 12in Rnd Blk,$1.22 ,47,aaf6ae0c-653d-4f40-8761-101db3504c76
498,Salt And Pepper Mix - Black,$9.94 ,45,655218f5-dcc0-4de0-a3c0-ff665c320ec2
499,Apricots - Dried,$0.45 ,50,74379e10-ee3d-484b-8faf-07453fdc1881
500,Tuna - Salad Premix,$6.49 ,30,aaf6ae0c-653d-4f40-8761-101db3504c76
